title,brand,price,link_item,link_img,resolution,size,rate,Lượt bán,index_,discount_index,original price,discount percent
Điện thoại Samsung Galaxy S25 5G 12GB/256GB,Samsung,19.990.000₫,https://www.thegioididong.com/dtdd/samsung-galaxy-s25,https://cdn.tgdd.vn/Products/Images/42/333363/samsung-galaxy-s25-mint-thumb-600x600.jpg,Full HD+,"6.2""",No rate,No quantity sale,1,1.0,22.990.000₫,-13%
Điện thoại Samsung Galaxy S25 Ultra 5G 12GB/256GB,Samsung,30.990.000₫,https://www.thegioididong.com/dtdd/samsung-galaxy-s25-ultra,https://cdn.tgdd.vn/Products/Images/42/333347/samsung-galaxy-s25-ultra-titan-sliver-thumb-600x600.jpg,Quad HD+ (2K+),"6.9""",No rate,No quantity sale,2,2.0,33.990.000₫,-8%
Điện thoại iPhone 16 Pro Max 256GB,iPhone (Apple),32.890.000₫,https://www.thegioididong.com/dtdd/iphone-16-pro-max,https://cdn.tgdd.vn/Products/Images/42/329149/iphone-16-pro-max-sa-mac-thumb-600x600.jpg,Super Retina XDR,"6.9""",4.9,"Đã bán 94,5k",3,3.0,34.990.000₫,-6%
Điện thoại iPhone 16 Pro 128GB,iPhone (Apple),27.590.000₫,https://www.thegioididong.com/dtdd/iphone-16-pro,https://cdn.tgdd.vn/Products/Images/42/329143/iphone-16-pro-titan-tu-nhien.png,Super Retina XDR,"6.3""",4.9,"Đã bán 10,4k",4,4.0,28.990.000₫,-4%
Điện thoại Samsung Galaxy S24 Ultra 5G 12GB/256GB,Samsung,25.990.000₫,https://www.thegioididong.com/dtdd/samsung-galaxy-s24-ultra-5g,https://cdn.tgdd.vn/Products/Images/42/307174/samsung-galaxy-s24-ultra-violet-thumbnew-600x600.jpg,Quad HD+ (2K+),"6.8""",4.9,"Đã bán 24,2k",5,5.0,29.990.000₫,-13%
Điện thoại Samsung Galaxy A16 8GB/128GB,Samsung,5.390.000₫,https://www.thegioididong.com/dtdd/samsung-galaxy-a16-8gb-128gb,https://cdn.tgdd.vn/Products/Images/42/331207/samsung-galaxy-a16-green-thumbnew-600x600.jpg,Full HD+,"6.7""",4.9,Đã bán 43k,6,6.0,5.890.000₫,-8%
Điện thoại Xiaomi Redmi Note 14 8GB/128GB,Xiaomi,5.490.000₫,https://www.thegioididong.com/dtdd/xiaomi-redmi-note-14-8gb-128gb,https://cdn.tgdd.vn/Products/Images/42/333147/xiaomi-redmi-note-14-purple-thumbnew-600x600.jpg,Full HD+,"6.67""",4.9,"Đã bán 24,1k",7,,,
Điện thoại Xiaomi Redmi Note 14 Pro 8GB/256GB,Xiaomi,7.990.000₫,https://www.thegioididong.com/dtdd/xiaomi-redmi-note-14-pro,https://cdn.tgdd.vn/Products/Images/42/320730/xiaomi-redmi-note-14-pro-black-thumbnew-600x600.jpg,Full HD+,"6.67""",4.9,"Đã bán 7,5k",8,,,
Điện thoại OPPO Reno13 F 5G 8GB/256GB,OPPO,9.990.000₫,https://www.thegioididong.com/dtdd/oppo-reno13-f-5g,https://cdn.tgdd.vn/Products/Images/42/332936/oppo-reno13-f-blue-thumb-600x600.jpg,Full HD+,"6.67""",4.9,"Đã bán 23,9k",9,,,
Điện thoại OPPO Reno13 5G 12GB/256GB,OPPO,15.990.000₫,https://www.thegioididong.com/dtdd/oppo-reno13-5g,https://cdn.tgdd.vn/Products/Images/42/332934/oppo-reno13-5g-blue-thumb-600x600.jpg,1.5K,"6.59""",5,"Đã bán 3,3k",10,,,
Điện thoại realme C75 8GB/128GB,realme,5.690.000₫,https://www.thegioididong.com/dtdd/realme-c75-8gb-128gb,https://cdn.tgdd.vn/Products/Images/42/332234/realme-c75-red-thumb-600x600.jpg,Full HD+,"6.72""",4.9,"Đã bán 15,1k",11,,,
Điện thoại vivo V40 Lite 8GB/256GB,vivo,8.490.000₫,https://www.thegioididong.com/dtdd/vivo-v40-lite-8gb-256gb,https://cdn.tgdd.vn/Products/Images/42/329959/vivo-v40-lite-bac-thumb-600x600.jpg,Full HD+,"6.67""",4.9,"Đã bán 20,3k",12,,,
Điện thoại HONOR X9c Smart 5G 12GB/256GB,HONOR,7.990.000₫,https://www.thegioididong.com/dtdd/honor-x9c-smart,https://cdn.tgdd.vn/Products/Images/42/333480/honor-x9c-smart-xanh-thumb-600x600.jpg,Full HD+,"6.8""",5,No quantity sale,13,,,
Điện thoại Tecno Spark GO 1 3GB/64GB,Tecno,1.890.000₫,https://www.thegioididong.com/dtdd/tecno-spark-go-1,https://cdn.tgdd.vn/Products/Images/42/329865/tecno-spark-go-1-white-thumb-600x600.jpg,HD+,"6.67""",4.9,"Đã bán 7,6k",14,,,
Điện thoại TCL 406s 4GB/64GB,TCL,1.890.000₫,https://www.thegioididong.com/dtdd/tcl-406s,https://cdn.tgdd.vn/Products/Images/42/324994/tcl-406s-blue-thumb-600x600.jpg,HD+,"6.6""",4.9,Đã bán 6k,15,,,
Điện thoại iPhone 16 Plus 128GB,iPhone (Apple),24.790.000₫,https://www.thegioididong.com/dtdd/iphone-16-plus,https://cdn.tgdd.vn/Products/Images/42/329138/iphone-16-plus-hong-thumb-600x600.jpg,Super Retina XDR,"6.7""",4.9,"Đã bán 4,4k",16,16.0,25.990.000₫,-4%
Điện thoại iPhone 16 128GB,iPhone (Apple),21.490.000₫,https://www.thegioididong.com/dtdd/iphone-16,https://cdn.tgdd.vn/Products/Images/42/329135/iphone-16-blue-600x600.png,Super Retina XDR,"6.1""",4.9,"Đã bán 6,5k",17,17.0,22.990.000₫,-6%
Điện thoại Samsung Galaxy A16 5G 8GB/256GB,Samsung,6.990.000₫,https://www.thegioididong.com/dtdd/samsung-galaxy-a16-5g,https://cdn.tgdd.vn/Products/Images/42/331204/samsung-galaxy-a16-5g-gold-thumbnew-600x600.jpg,Full HD+,"6.7""",4.9,"Đã bán 34,6k",18,,,
Điện thoại Samsung Galaxy A06 4GB/64GB,Samsung,2.890.000₫,https://www.thegioididong.com/dtdd/samsung-galaxy-a06-4gb-64gb,https://cdn.tgdd.vn/Products/Images/42/328752/samsung-galaxy-a06-blue-thumb-1-600x600.jpg,HD+,"6.7""",4.9,"Đã bán 82,4k",19,19.0,3.190.000₫,-9%
Điện thoại Xiaomi Redmi Note 14 Pro 5G 8GB/256GB,Xiaomi,9.490.000₫,https://www.thegioididong.com/dtdd/xiaomi-redmi-note-14-pro-5g,https://cdn.tgdd.vn/Products/Images/42/332938/xiaomi-redmi-note-14-pro-5g-xanh-thumbnew-600x600.jpg,1.5K,"6.67""",4.9,"Đã bán 4,1k",20,,,
Điện thoại Xiaomi Redmi Note 14 Pro+ 5G 8GB/256GB,Xiaomi,10.990.000₫,https://www.thegioididong.com/dtdd/xiaomi-redmi-note-14-pro-plus,https://cdn.tgdd.vn/Products/Images/42/320731/xiaomi-redmi-note-14-pro-plus-5g-purple-thumbnew-600x600.jpg,1.5K,"6.67""",4.9,"Đã bán 1,4k",21,,,
Điện thoại OPPO Reno13 Pro 5G 12GB/512GB,OPPO,18.990.000₫,https://www.thegioididong.com/dtdd/oppo-reno13-pro-5g,https://cdn.tgdd.vn/Products/Images/42/332937/oppo-reno13-pro-5g-purple-thumb-600x600.jpg,1.5K,"6.83""",5,"Đã bán 1,2k",22,,,
Điện thoại OPPO Reno13 F 8GB/256GB,OPPO,8.990.000₫,https://www.thegioididong.com/dtdd/oppo-reno13-f,https://cdn.tgdd.vn/Products/Images/42/332935/oppo-reno13-f-purple-thumb-600x600.jpg,Full HD+,"6.67""",5,"Đã bán 2,4k",23,,,
Điện thoại realme Note 60x 4GB/64GB,realme,2.990.000₫,https://www.thegioididong.com/dtdd/realme-note-60x-4gb,https://cdnv2.tgdd.vn/mwg-static/tgdd/Products/Images/42/333281/realme-note-60x-4gb-191224-040048-245-600x600.jpg,HD+,"6.74""",5,"Đã bán 2,9k",24,,,
Điện thoại vivo Y28 8GB/128GB,vivo,5.790.000₫,https://www.thegioididong.com/dtdd/vivo-y28,https://cdn.tgdd.vn/Products/Images/42/326016/vivo-y28-vang-thumb-600x600.jpg,HD+,"6.68 """,4.9,"Đã bán 44,6k",25,,,
Điện thoại HONOR X5b Plus 4GB/128GB,HONOR,2.790.000₫,https://www.thegioididong.com/dtdd/honor-x5b-plus,https://cdn.tgdd.vn/Products/Images/42/333770/honor-x5b-plus-blue-thumb-600x600.jpg,HD+,"6.56""",5,No quantity sale,26,26.0,2.990.000₫,-6%
Điện thoại Tecno Spark 20C 8GB/128GB,Tecno,2.490.000₫,https://www.thegioididong.com/dtdd/tecno-spark-20c,https://cdn.tgdd.vn/Products/Images/42/325155/tecno-spark-20c-thumb-600x600.jpg,HD+,"6.56""",4.9,"Đã bán 2,6k",27,,,
Điện thoại Samsung Galaxy Z Fold6 5G 12GB/256GB,Samsung,36.490.000₫,https://www.thegioididong.com/dtdd/samsung-galaxy-z-fold6,https://cdn.tgdd.vn/Products/Images/42/320721/samsung-galaxy-z-fold6-xam-thumbn-600x600.jpg,QXGA+,"Chính 7.6"" & Phụ 6.3""",4.9,Đã bán 2k,28,28.0,43.990.000₫,-17%
Điện thoại iPhone 15 Pro Max 256GB,iPhone (Apple),29.690.000₫,https://www.thegioididong.com/dtdd/iphone-15-pro-max,https://cdn.tgdd.vn/Products/Images/42/305658/iphone-15-pro-max-black-thumbnew-600x600.jpg,Super Retina XDR,"6.7""",4.9,"Đã bán 240,2k",29,29.0,30.990.000₫,-4%
Điện thoại iPhone 15 Plus 128GB,iPhone (Apple),22.690.000₫,https://www.thegioididong.com/dtdd/iphone-15-plus,https://cdn.tgdd.vn/Products/Images/42/303891/iphone-15-plus-xanh-la-128gb-thumb-600x600.jpg,Super Retina XDR,"6.7""",4.9,"Đã bán 31,1k",30,30.0,22.990.000₫,-1%
Điện thoại Samsung Galaxy A35 5G 8GB/256GB,Samsung,7.790.000₫,https://www.thegioididong.com/dtdd/samsung-galaxy-a35-5g,https://cdn.tgdd.vn/Products/Images/42/321772/samsung-galaxy-a35-5g-xanh-thumb-1-600x600.jpg,Full HD+,"6.6""",4.9,Đã bán 79k,31,31.0,9.290.000₫,-16%
Điện thoại Samsung Galaxy S24 FE 5G 8GB/256GB,Samsung,15.990.000₫,https://www.thegioididong.com/dtdd/samsung-galaxy-s24-fe-8gb-256gb,https://cdn.tgdd.vn/Products/Images/42/329785/samsung-galaxy-s24-fe-blue-thumb-600x600.jpg,Full HD+,"6.7""",5,"Đã bán 6,8k",32,32.0,18.490.000₫,-13%
Điện thoại Xiaomi Redmi 13 6GB/128GB,Xiaomi,3.490.000₫,https://www.thegioididong.com/dtdd/xiaomi-redmi-13-6gb-128gb,https://cdn.tgdd.vn/Products/Images/42/325800/redmi-13-blue-thumb-600x600.jpg,Full HD+,"6.79""",4.9,"Đã bán 143,5k",33,33.0,4.290.000₫,-18%
Điện thoại Xiaomi Redmi 14C 6GB/128GB,Xiaomi,3.390.000₫,https://www.thegioididong.com/dtdd/xiaomi-redmi-14c-6gb-128gb,https://cdn.tgdd.vn/Products/Images/42/329008/xiaomi-redmi-14c-blue-1-600x600.jpg,HD+,"6.88 """,4.9,"Đã bán 27,9k",34,34.0,3.690.000₫,-8%
Điện thoại OPPO A60 8GB/128GB,OPPO,5.490.000₫,https://www.thegioididong.com/dtdd/oppo-a60-128gb,https://cdn.tgdd.vn/Products/Images/42/323543/oppo-a60-blue-thumb-600x600.jpg,HD+,"6.67""",4.9,"Đã bán 192,8k",35,,,
Điện thoại OPPO A3x 4GB/64GB,OPPO,3.490.000₫,https://www.thegioididong.com/dtdd/oppo-a3x-4gb-64gb,https://cdn.tgdd.vn/Products/Images/42/328449/oppo-a3x-red-thumb-600x600.jpg,HD+,"6.67""",4.9,"Đã bán 104,4k",36,,,
Điện thoại realme 13+ 5G 12GB/256GB,realme,9.890.000₫,https://www.thegioididong.com/dtdd/realme-13-plus-5g,https://cdn.tgdd.vn/Products/Images/42/330619/realme-13-plus-vang-thumb-600x600.jpg,Full HD+,"6.67""",4.9,"Đã bán 1,3k",37,,,
Điện thoại vivo V40 5G 12GB/256GB,vivo,12.490.000₫,https://www.thegioididong.com/dtdd/vivo-v40-5g,https://cdn.tgdd.vn/Products/Images/42/331985/vivo-v40-5g-cam-hong-thumb-600x600.jpg,1.5K,"6.78""",4.9,"Đã bán 2,9k",38,,,
Điện thoại HONOR X5 Plus 4GB/64GB,HONOR,2.090.000₫,https://www.thegioididong.com/dtdd/honor-x5-plus,https://cdn.tgdd.vn/Products/Images/42/313306/honor-x5-plus-xanh-thumb-600x600.jpg,HD+,"6.56""",4.9,"Đã bán 14,2k",39,,,
Điện thoại Samsung Galaxy A05s 6GB/128GB,Samsung,3.690.000₫,https://www.thegioididong.com/dtdd/samsung-galaxy-a05s-6gb,https://cdn.tgdd.vn/Products/Images/42/317530/samsung-galaxy-a05s-sliver-thumbnew-600x600.jpg,Full HD+,"6.7""",4.9,"Đã bán 120,5k",40,,,
Điện thoại iPhone 15 128GB,iPhone (Apple),18.990.000₫,https://www.thegioididong.com/dtdd/iphone-15,https://cdn.tgdd.vn/Products/Images/42/281570/iphone-15-hong-thumb-1-600x600.jpg,Super Retina XDR,"6.1""",4.9,"Đã bán 37,3k",41,41.0,9.990.000₫,-5%
Điện thoại iPhone 14 Plus 128GB,iPhone (Apple),18.990.000₫,https://www.thegioididong.com/dtdd/iphone-14-plus,https://cdn.tgdd.vn/Products/Images/42/245545/iPhone-14-thumb-tim-600x600.jpg,Super Retina XDR,"6.7""",4.9,Đã bán 10k,42,42.0,19.990.000₫,-5%
Điện thoại iPhone 14 128GB,iPhone (Apple),15.990.000₫,https://www.thegioididong.com/dtdd/iphone-14,https://cdn.tgdd.vn/Products/Images/42/240259/iPhone-14-plus-thumb-xanh-600x600.jpg,Super Retina XDR,"6.1""",4.9,"Đã bán 13,1k",43,,,
Điện thoại Samsung Galaxy A25 5G 8GB/128GB,Samsung,5.490.000₫,https://www.thegioididong.com/dtdd/samsung-galaxy-a25-8gb,https://cdn.tgdd.vn/Products/Images/42/319904/samsung-galaxy-a25-5g-xanh-duong-thumb-600x600.jpg,Full HD+,"6.5""",4.9,"Đã bán 73,7k",44,,,
Điện thoại Samsung Galaxy S24 5G 8GB/256GB,Samsung,16.990.000₫,https://www.thegioididong.com/dtdd/samsung-galaxy-s24-256gb-5g,https://cdn.tgdd.vn/Products/Images/42/319665/samsung-galaxy-s24-yellow-thumbnew-600x600.jpg,Full HD+,"6.2""",4.9,"Đã bán 7,8k",45,,,
Điện thoại Xiaomi 14T 5G 12GB/256GB,Xiaomi,11.990.000₫,https://www.thegioididong.com/dtdd/xiaomi-14t-5g,https://cdn.tgdd.vn/Products/Images/42/329938/xiaomi-14t-grey-thumb-600x600.jpg,1.5K,"6.67""",4.9,"Đã bán 17,5k",46,46.0,19.990.000₫,-7%
Điện thoại Xiaomi 14T Pro 5G 12GB/256GB,Xiaomi,13.790.000₫,https://www.thegioididong.com/dtdd/xiaomi-14t-pro-5g-12gb-256gb,https://cdn.tgdd.vn/Products/Images/42/329940/xiaomi-14t-pro-blue-thumb-600x600.jpg,1.5K,"6.67""",4.9,"Đã bán 4,6k",47,47.0,12.990.000₫,-18%
Điện thoại OPPO A3 8GB/128GB,OPPO,5.290.000₫,https://www.thegioididong.com/dtdd/oppo-a3-8gb-128gb,https://cdn.tgdd.vn/Products/Images/42/328454/oppo-a3-black-thumb-1-600x600.jpg,HD+,"6.67""",4.9,"Đã bán 32,4k",48,,,
Điện thoại OPPO Reno12 F 8GB/256GB,OPPO,6.990.000₫,https://www.thegioididong.com/dtdd/oppo-reno12-f-4g-8gb-256gb,https://cdn.tgdd.vn/Products/Images/42/328306/oppo-reno12-f-4g-green-thumb-600x600.jpg,Full HD+,"6.67""",4.9,"Đã bán 21,2k",49,,,
Điện thoại realme C65s 6GB/128GB,realme,4.290.000₫,https://www.thegioididong.com/dtdd/realme-c65s,https://cdn.tgdd.vn/Products/Images/42/328605/realme-c65s-blue-thumb-1-600x600.jpg,HD+,"6.745 """,4.9,"Đã bán 15,8k",50,,,
Điện thoại vivo Y19s 6GB/128GB,vivo,4.290.000₫,https://www.thegioididong.com/dtdd/vivo-y19s-6gb-128gb,https://cdn.tgdd.vn/Products/Images/42/331200/vivo-y19s-bac-thumb-600x600.jpg,HD+,"6.68 """,4.9,"Đã bán 21,5k",51,,,
Điện thoại HONOR X8b 8GB/512GB,HONOR,6.190.000₫,https://www.thegioididong.com/dtdd/honor-x8b,https://cdn.tgdd.vn/Products/Images/42/324893/honor-x8b-green-thumb-1-600x600.jpg,Full HD+,"6.7""",4.9,"Đã bán 13,2k",52,,,
Điện thoại HONOR X6b 6GB/128GB Tím,HONOR,3.390.000₫,https://www.thegioididong.com/dtdd/honor-x6b-6gb-128gb,https://cdn.tgdd.vn/Products/Images/42/327258/honor-x6b-purple-thumb-600x600.jpg,HD+,"6.56""",4.9,"Đã bán 3,4k",53,53.0,16.990.000₫,-15%
Điện thoại Samsung Galaxy S24+ 5G 12GB/256GB,Samsung,19.490.000₫,https://www.thegioididong.com/dtdd/samsung-galaxy-s24-plus-5g,https://cdn.tgdd.vn/Products/Images/42/307172/samsung-galaxy-s24-plus-black-thumbnew-1-600x600.jpg,Quad HD+ (2K+),"6.7""",4.9,"Đã bán 4,6k",54,,,
Điện thoại iPhone 13 128GB,iPhone (Apple),12.890.000₫,https://www.thegioididong.com/dtdd/iphone-13,https://cdn.tgdd.vn/Products/Images/42/223602/iphone-13-midnight-2-600x600.jpg,Super Retina XDR,"6.1""",4.9,Đã bán 169k,55,55.0,3.990.000₫,-14%
Điện thoại iPhone 12 64GB,iPhone (Apple),9.990.000₫,https://www.thegioididong.com/dtdd/iphone-12,https://cdn.tgdd.vn/Products/Images/42/213031/iphone-12-tim-1-600x600.jpg,Super Retina XDR,"6.1""",4.9,"Đã bán 8,8k",56,56.0,14.990.000₫,-16%
Điện thoại Xiaomi Redmi A3 3GB/64GB,Xiaomi,1.890.000₫,https://www.thegioididong.com/dtdd/xiaomi-redmi-a3,https://cdn.tgdd.vn/Products/Images/42/320734/xiaomi-redmi-a3-xanh-l%C3%A1-thumb-600x600.jpg,HD+,"6.71""",4.9,"Đã bán 66,9k",57,57.0,11.990.000₫,-24%
Điện thoại Xiaomi Redmi Note 13 8GB/128GB,Xiaomi,4.040.000₫,https://www.thegioididong.com/dtdd/xiaomi-redmi-note-13,https://cdn.tgdd.vn/Products/Images/42/309831/xiaomi-redmi-note-13-black-thumb-600x600.jpg,Full HD+,"6.67""",4.9,"Đã bán 173,8k",58,58.0,2.490.000₫,-23%
Điện thoại OPPO Find X8 5G 16GB/512GB Hồng,OPPO,22.990.000₫,https://www.thegioididong.com/dtdd/oppo-find-x8-hong,https://cdn.tgdd.vn/Products/Images/42/334168/oppo-find-x8-pink-thumbnew-600x600.jpg,1.5K+,"6.59""",5,Đã bán 26,59,,,
Điện thoại OPPO Find X8 Pro 5G 16GB/512GB,OPPO,29.990.000₫,https://www.thegioididong.com/dtdd/oppo-find-x8-pro,https://cdn.tgdd.vn/Products/Images/42/322129/oppo-find-x8-pro-white-thumb-600x600.jpg,1.5K+,"6.78""",5,Đã bán 174,60,,,
Điện thoại realme 12 8GB/256GB,realme,7.290.000₫,https://www.thegioididong.com/dtdd/realme-12,https://cdn.tgdd.vn/Products/Images/42/319466/realme-12-green-thumb-600x600.jpg,Full HD+,"6.67""",4.9,"Đã bán 3,4k",61,61.0,5.290.000₫,-8%
Điện thoại vivo Y03 4GB/128GB,vivo,3.290.000₫,https://www.thegioididong.com/dtdd/vivo-y03,https://cdn.tgdd.vn/Products/Images/42/322996/vivo-y03-xanh-thumb-1-600x600.jpg,HD+,"6.56""",4.9,"Đã bán 46,8k",62,,,
Điện thoại realme Note 60 6GB/128GB,realme,3.790.000₫,https://www.thegioididong.com/dtdd/realme-note-60,https://cdn.tgdd.vn/Products/Images/42/329330/realme-note-60-black-thumb-600x600.jpg,HD+,"6.745 """,5,"Đã bán 12,3k",63,,,
Điện thoại vivo V30e 5G 12GB/256GB,vivo,9.790.000₫,https://www.thegioididong.com/dtdd/vivo-v30e-12gb,https://cdn.tgdd.vn/Products/Images/42/325136/vivo-v30e-nau-thumb-1-600x600.jpg,Full HD+,"6.78""",4.9,"Đã bán 3,7k",64,64.0,7.990.000₫,-6%
Điện thoại realme Note 50 3GB/64GB,realme,2.490.000₫,https://www.thegioididong.com/dtdd/realme-note-50-64gb,https://cdn.tgdd.vn/Products/Images/42/321434/realme-note-50-blue-thumb-600x600.jpg,HD+,"6.74""",4.9,"Đã bán 56,7k",65,,,
Điện thoại vivo V30 5G 12GB/512GB,vivo,12.990.000₫,https://www.thegioididong.com/dtdd/vivo-v30,https://cdn.tgdd.vn/Products/Images/42/319214/vivo-v30-5g-xanh-thumb-600x600.jpg,1.5K,"6.78""",4.9,"Đã bán 4,7k",66,,,
Điện thoại realme C61 4GB/128GB,realme,3.590.000₫,https://www.thegioididong.com/dtdd/realme-c61-4gb-128gb,https://cdn.tgdd.vn/Products/Images/42/327975/realme-c61-gold-thumb-600x600.jpg,HD+,"6.745 """,5,Đã bán 105,67,,,
Điện thoại Viettel Sumo 4G T2,Viettel,550.000₫,https://www.thegioididong.com/dtdd/viettel-sumo-4g-t2,https://cdn.tgdd.vn/Products/Images/42/330028/viettel-sumo-4g-t2-black-thumb-600x600.jpg,QVGA,"2.4""",4.9,"Đã bán 48,7k",68,,,
Điện thoại Samsung Galaxy A55 5G 12GB/256GB,Samsung,10.090.000₫,https://www.thegioididong.com/dtdd/samsung-galaxy-a55-5g,https://cdn.tgdd.vn/Products/Images/42/322096/samsung-galaxy-a55-5g-xanh-thumb-1-600x600.jpg,Full HD+,"6.6""",4.9,"Đã bán 59,7k",69,69.0,10.490.000₫,-15%
Điện thoại Benco 4G G3,Benco,380.000₫,https://www.thegioididong.com/dtdd/benco-4g-g3,https://cdn.tgdd.vn/Products/Images/42/330485/benco-4g-g3-xanh-thumb-600x600.jpg,QQVGA,"1.77""",4.9,"Đã bán 33,4k",70,,,
Điện thoại Nokia 105 4G Pro,Nokia,680.000₫,https://www.thegioididong.com/dtdd/nokia-105-4g-pro,https://cdn.tgdd.vn/Products/Images/42/311033/nokia-105-4g-xanh-thumbnail-600x600.jpg,QQVGA,"1.77""",4.9,"Đã bán 259,7k",71,,,
Điện thoại Mobell M239 4G,Mobell,440.000₫,https://www.thegioididong.com/dtdd/mobell-m239,https://cdn.tgdd.vn/Products/Images/42/284122/mobell-m239-xanh-thumb-1-600x600.jpg,QQVGA,"1.77""",4.9,"Đã bán 111,8k",72,,,
Điện thoại Masstel IZI T6 4G,Masstel,500.000₫,https://www.thegioididong.com/dtdd/masstel-izi-t6,https://cdn.tgdd.vn/Products/Images/42/322877/masstel-izi-t6-green-thumb-600x600.jpg,QVGA,"2.4""",4.9,"Đã bán 68,9k",73,,,
Điện thoại Nokia HMD 105 4G,Nokia,650.000₫,https://www.thegioididong.com/dtdd/nokia-hmd-105-4g,https://cdn.tgdd.vn/Products/Images/42/329676/nokia-hmd-105-4g-pink-thumb-600x600.jpg,QQVGA,"2.4""",4.9,"Đã bán 17,8k",74,,,
Điện thoại Samsung Galaxy M35 5G 8GB/256GB,Samsung,7.690.000₫,https://www.thegioididong.com/dtdd/samsung-galaxy-m35-5g,https://cdn.tgdd.vn/Products/Images/42/323563/samsung-galaxy-m35-5g-xanhdam-thumb-600x600.jpg,Full HD+,"6.6""",4.9,"Đã bán 25,8k",75,,,
Điện thoại Masstel IZI 10,Masstel,410.000₫,https://www.thegioididong.com/dtdd/masstel-izi-10,https://cdn.tgdd.vn/Products/Images/42/265311/masstel-izi-10-4g-xanh-thumb-600x600.jpg,QQVGA,"1.77""",4.9,Đã bán 250k,76,,,
Điện thoại Nokia 220 4G,Nokia,990.000₫,https://www.thegioididong.com/dtdd/nokia-220-4g,https://cdn.tgdd.vn/Products/Images/42/207956/nokia-220-4g-cam-thumb-600x600.jpg,QVGA,"2.8""",4.9,"Đã bán 30,9k",77,,,
Điện thoại Masstel Fami 50 4G,Masstel,600.000₫,https://www.thegioididong.com/dtdd/masstel-fami-50,https://cdn.tgdd.vn/Products/Images/42/323546/masstel-fami-50-green-thumb-600x600.jpg,QQVGA,"2""",4.9,Đã bán 36k,78,,,
Điện thoại Nokia 110 4G Pro,Nokia,750.000₫,https://www.thegioididong.com/dtdd/nokia-110-4g-pro,https://cdn.tgdd.vn/Products/Images/42/311034/nokia-110-4g-tim-thumb-600x600.jpg,QQVGA,"1.77""",4.9,Đã bán 51k,79,,,
Điện thoại Mobell F309 4G,Mobell,760.000₫,https://www.thegioididong.com/dtdd/mobell-f309,https://cdn.tgdd.vn/Products/Images/42/304608/mobell-f309-trang-thumb-600x600.jpg,QVGA,"2.31""",4.9,"Đã bán 30,7k",80,,,
Điện thoại HONOR X7c 8GB/256GB,HONOR,4.790.000₫,https://www.thegioididong.com/dtdd/honor-x7c,https://cdn.tgdd.vn/Products/Images/42/331512/honor-x7c-white-thumb-600x600.jpg,HD+,"6.77 """,4.9,"Đã bán 1,8k",81,,,
Điện thoại Mobell M539,Mobell,700.000₫,https://www.thegioididong.com/dtdd/mobell-m539,https://cdn.tgdd.vn/Products/Images/42/288630/mobell-m539-do-thumb-600x600.jpg,QVGA,"2.8""",4.9,"Đã bán 35,6k",82,,,
Điện thoại Mobell M331 4G,Mobell,550.000₫,https://www.thegioididong.com/dtdd/mobell-m331,https://cdn.tgdd.vn/Products/Images/42/314697/mobell-m335-thumb-den-600x600.jpg,QVGA,"2.4""",4.9,Đã bán 46k,83,,,
Điện thoại Masstel Fami 60S 4G,Masstel,700.000₫,https://www.thegioididong.com/dtdd/masstel-fami-60s,https://cdn.tgdd.vn/Products/Images/42/322876/masstel-fami-60s-blue-thumb-600x600.jpg,QVGA,"2""",4.9,"Đã bán 43,2k",84,,,
Điện thoại Samsung Galaxy M15 5G 4GB/128GB,Samsung,3.690.000₫,https://www.thegioididong.com/dtdd/samsung-galaxy-m15-5g-4gb,https://cdn.tgdd.vn/Products/Images/42/325073/samsung-galaxy-m15-5g-blue-thumb-1-600x600.jpg,Full HD+,"6.5""",4.9,"Đã bán 6,1k",85,85.0,11.990.000₫,-21%
Điện thoại OPPO Reno12 5G 12GB/512GB,OPPO,10.490.000₫,https://www.thegioididong.com/dtdd/oppo-reno12-5g-12gb-512gb,https://cdn.tgdd.vn/Products/Images/42/327192/oppo-reno12-5g-sliver-thumb-1-600x600.jpg,Full HD+,"6.7""",4.9,Đã bán 42k,86,86.0,4.690.000₫,-25%
Điện thoại vivo Y18 4GB/128GB,vivo,3.990.000₫,https://www.thegioididong.com/dtdd/vivo-y18-4gb-128gb,https://cdn.tgdd.vn/Products/Images/42/327254/vivo-y18-nau-thumb-600x600.jpg,HD+,"6.56""",4.9,"Đã bán 11,9k",87,,,
Điện thoại Mobell F209,Mobell,620.000₫,https://www.thegioididong.com/dtdd/mobell-f209,https://cdn.tgdd.vn/Products/Images/42/299998/mobell-f209-gold-600x600.jpg,QVGA,"2""",4.9,Đã bán 47k,88,,,
Điện thoại OPPO Reno12 5G 12GB/256GB Hồng,OPPO,9.990.000₫,https://www.thegioididong.com/dtdd/oppo-reno12-5g-12gb-256gb-hong,https://cdn.tgdd.vn/Products/Images/42/321892/oppo-reno12-5g-pink-thumb-600x600.jpg,Full HD+,"6.7""",4.9,"Đã bán 5,5k",89,,,
Điện thoại OPPO Reno12 Pro 5G 12GB/512GB,OPPO,13.990.000₫,https://www.thegioididong.com/dtdd/oppo-reno12-pro,https://cdn.tgdd.vn/Products/Images/42/322124/oppo-reno12-pro-5g-sliver-thumb-600x600.jpg,Full HD+,"6.7""",4.9,"Đã bán 2,9k",90,,,
Điện thoại Itel it9310,Itel,650.000₫,https://www.thegioididong.com/dtdd/itel-it9310,https://cdn.tgdd.vn/Products/Images/42/329840/itel-it9310-vang-thumb-600x600.jpg,"3""",No size,4.9,"Đã bán 5,3k",91,,,
Điện thoại Samsung Galaxy M54 5G 8GB/256GB,Samsung,7.190.000₫,https://www.thegioididong.com/dtdd/samsung-galaxy-m54?utm_flashsale=1,https://cdn.tgdd.vn/Products/Images/42/275953/samsung-galaxy-m54-xanh-thumb-600x600.jpg,Full HD+,"6.7""",4.9,"Đã bán 37,5k",92,,,
Điện thoại Samsung Galaxy S23 FE 5G 8GB/128GB Xanh mint/Trắng,Samsung,9.890.000₫,https://www.thegioididong.com/dtdd/samsung-galaxy-s23-fe?utm_flashsale=1,https://cdn.tgdd.vn/Products/Images/42/306994/samsung-galaxy-s23-fe-mint-thumbnew-600x600.jpg,Full HD+,"6.4""",4.9,"Đã bán 40,2k",93,93.0,13.990.000₫,-33%
Điện thoại iPhone 11 128GB,iPhone (Apple),10.590.000₫,https://www.thegioididong.com/dtdd/iphone-11-128gb,https://cdn.tgdd.vn/Products/Images/42/210644/iphone-11-den-600x600.jpg,Liquid Retina,"6.1""",4.9,Đã bán 55k,94,,,
Điện thoại Nokia 3210 4G,Nokia,1.590.000₫,https://www.thegioididong.com/dtdd/nokia-3210-4g,https://cdn.tgdd.vn/Products/Images/42/326477/nokia-3210-4g-yellow-thumb-600x600.jpg,QVGA,"2.4""",4.9,"Đã bán 13,5k",95,,,
Điện thoại OPPO Reno12 F 5G 12GB/256GB,OPPO,7.990.000₫,https://www.thegioididong.com/dtdd/oppo-reno12-f-5g-12gb-256gb,https://cdn.tgdd.vn/Products/Images/42/327190/oppo-reno12-f-5g-orange-thumb-600x600.jpg,Full HD+,"6.67""",4.9,"Đã bán 67,4k",96,96.0,14.890.000₫,-20%
Điện thoại OPPO Find N3 Flip 5G 12GB/256GB Hồng,OPPO,17.490.000₫,https://www.thegioididong.com/dtdd/oppo-find-n3-flip-hong,https://cdn.tgdd.vn/Products/Images/42/317981/oppo-find-n3-flip-pink-thumb-600x600.jpeg,Full HD+,"Chính 6.8"" & Phụ 3.26""",4.9,"Đã bán 1,7k",97,97.0,9.990.000₫,-23%
Điện thoại Itel it9211,Itel,490.000₫,https://www.thegioididong.com/dtdd/itel-it9211,https://cdn.tgdd.vn/Products/Images/42/329839/itel-it9211-xanh-thumb-600x600.jpg,"2.4""",No size,4.9,Đã bán 7k,98,,,
Điện thoại Samsung Galaxy Z Flip6 5G 12GB/256GB,Samsung,21.350.000₫,https://www.thegioididong.com/dtdd/samsung-galaxy-z-flip6,https://cdn.tgdd.vn/Products/Images/42/320722/samsung-galaxy-z-flip6-xanh-thumbn-600x600.jpg,Full HD+,"Chính 6.7"" & Phụ 3.4""",4.9,"Đã bán 2,5k",99,99.0,22.990.000₫,-26%
Điện thoại vivo Y100 8GB/256GB,vivo,7.690.000₫,https://www.thegioididong.com/dtdd/vivo-y100,https://cdn.tgdd.vn/Products/Images/42/302197/vivo-y100-xanh-thumb-1-600x600.jpg,Full HD+,"6.67""",4.9,"Đã bán 24,7k",100,,,
Điện thoại OPPO A38 6GB/128GB,OPPO,3.990.000₫,https://www.thegioididong.com/dtdd/oppo-a38-6gb?utm_flashsale=1,https://cdn.tgdd.vn/Products/Images/42/320836/oppo-a38-black-thumb-600x600.jpg,HD+,"6.56""",4.9,"Đã bán 127,6k",101,,,
Điện thoại HONOR 200 5G 12GB/256GB,HONOR,11.990.000₫,https://www.thegioididong.com/dtdd/honor-200-12gb-256gb,https://cdn.tgdd.vn/Products/Images/42/329133/honor-200-white-thumb-600x600.jpg,1.5K,"6.7""",5,Đã bán 253,102,102.0,28.990.000₫,-7%
Điện thoại realme C60 4GB/64GB,realme,2.790.000₫,https://www.thegioididong.com/dtdd/realme-c60,https://cdn.tgdd.vn/Products/Images/42/322919/realme-c60-blue-thumb-600x600.jpg,HD+,"6.74""",4.9,Đã bán 500,103,,,
Điện thoại Itel it2600,Itel,490.000₫,https://www.thegioididong.com/dtdd/itel-it2600,https://cdn.tgdd.vn/Products/Images/42/328399/itel-it2600-black-thumb-1-600x600.jpg,QVGA,"2""",4.9,"Đã bán 9,2k",104,,,
Điện thoại HONOR Magic V3 5G 12GB/512GB,HONOR,39.990.000₫,https://www.thegioididong.com/dtdd/honor-magic-v3,https://cdn.tgdd.vn/Products/Images/42/332255/honor-magic-v3-green-thumb-600x600.jpg,Quad HD (2K),"Chính 7.92"" & Phụ 6.43""",5,Đã bán 37,105,,,
Điện thoại iPhone 15 Pro 512GB,iPhone (Apple),32.490.000₫,https://www.thegioididong.com/dtdd/iphone-15-pro-512gb,https://cdn.tgdd.vn/Products/Images/42/303832/iphone-15-pro-white-thumbnew-600x600.jpg,Super Retina XDR,"6.1""",4.9,Đã bán 729,106,,,
Điện thoại OPPO A58 8GB/128GB,OPPO,4.490.000₫,https://www.thegioididong.com/dtdd/oppo-a58-4g?utm_flashsale=1,https://cdn.tgdd.vn/Products/Images/42/311354/oppo-a58-4g-green-thumb-600x600.jpg,Full HD+,"6.72""",4.9,"Đã bán 123,4k",107,,,
Điện thoại Mobell Rock 4,Mobell,790.000₫,https://www.thegioididong.com/dtdd/mobell-rock-4,https://cdn.tgdd.vn/Products/Images/42/288631/mobell-rock-4-xanh-la-thumb-600x600.jpg,QVGA,"2.4""",4.9,"Đã bán 11,3k",108,,,
Điện thoại OPPO Find N3 5G 16GB/512GB,OPPO,36.990.000₫,https://www.thegioididong.com/dtdd/oppo-find-n3?utm_flashsale=1,https://cdn.tgdd.vn/Products/Images/42/302953/oppo-find-n3-vang-dong-thumb-600x600.jpg,Quad HD+ (2K+),"Chính 7.82"" & Phụ 6.31""",5,Đã bán 372,109,,,
Điện thoại Samsung Galaxy S25 Plus 5G 12GB/256GB,Samsung,23.990.000₫,https://www.thegioididong.com/dtdd/samsung-galaxy-s25-plus,https://cdn.tgdd.vn/Products/Images/42/333359/samsung-galaxy-s25-plus-blue-thumb-600x600.jpg,Quad HD+ (2K+),"6.7""",No rate,No quantity sale,110,110.0,12.990.000₫,-11%
